{"cameraMode":{"drawMode":0,"name":"Shaded","section":"Shading Mode"},"sceneLighting":true,"audioPlay":false,"sceneViewState":{"m_AlwaysRefresh":false,"showFog":true,"showSkybox":true,"showFlares":true,"showImageEffects":true,"showParticleSystems":true,"showVisualEffectGraphs":true,"m_FxEnabled":true},"in2DMode":false,"pivot":{"x":950.627197265625,"y":145.35379028320313,"z":190.36708068847657},"rotation":{"x":-0.004262429196387529,"y":-0.9940879940986633,"z":-0.09993217885494232,"w":0.04238026216626167},"size":28.718469619750978,"orthographic":false}